Accuracy,ClassificationReport,ConfusionMatrix,F1-Macro,NPV,PPV,Precision-Macro,Recall-Macro
0.5,"              precision    recall  f1-score   support

           0       0.00      0.00      0.00        37
           1       0.51      0.97      0.67        39

    accuracy                           0.50        76
   macro avg       0.25      0.49      0.33        76
weighted avg       0.26      0.50      0.34        76
","[[ 0 37]
 [ 1 38]]",0.33333333333333337,0.0,0.5066666666666667,0.25333333333333335,0.48717948717948717
