Accuracy,ClassificationReport,ConfusionMatrix,F1-Macro,NPV,PPV,Precision-Macro,Recall-Macro
0.8988235294117647,"              precision    recall  f1-score   support

           0       0.91      0.97      0.94       337
           1       0.85      0.62      0.72        88

    accuracy                           0.90       425
   macro avg       0.88      0.80      0.83       425
weighted avg       0.90      0.90      0.89       425
","[[327  10]
 [ 33  55]]",0.828630639247569,0.9083333333333333,0.8461538461538461,0.8772435897435897,0.7976632047477745
